,site_1,site_2,count,site_3
0,CCG,AAG,2560,ACA
1,CCT,AAG,524,ACA
2,CCA,AAG,770,ACA
3,CCC,AAG,374,ACA
4,ATG,AAG,8,ACA
5,CAA,AAG,4,ACA
6,AAG,AAG,2,ACA
7,CAG,AAG,4,ACA
8,ACG,AAG,4,ACA
9,GGG,AAG,3,ACA
10,CCG,AAT,1675,ACA
11,CCC,AAT,1194,ACA
12,CCA,AAT,467,ACA
13,CCT,AAT,604,ACA
14,ATG,AAT,2,ACA
15,CAT,AAT,5,ACA
16,CAG,AAT,7,ACA
17,CAA,AAT,4,ACA
18,CAC,AAT,3,ACA
19,CGG,AAT,2,ACA
20,CCA,ACG,777,ACA
21,CCT,ACG,1355,ACA
22,CCG,ACG,2293,ACA
23,CCC,ACG,419,ACA
24,CAT,ACG,11,ACA
25,TCT,ACG,2,ACA
26,CAG,ACG,9,ACA
27,CCA,ACT,1057,ACA
28,CCC,ACT,782,ACA
29,CCG,ACT,1551,ACA
30,CCT,ACT,338,ACA
31,CAG,ACT,4,ACA
32,CAA,ACT,6,ACA
33,CAC,ACT,5,ACA
34,CTG,ACT,2,ACA
35,CCG,AGG,7359,ACA
36,CCT,AGG,3331,ACA
37,CCA,AGG,1695,ACA
38,CCC,AGG,2688,ACA
39,CAC,AGG,17,ACA
40,CAT,AGG,14,ACA
41,ACA,AGG,3,ACA
42,CAG,AGG,25,ACA
43,CAA,AGG,10,ACA
44,ACG,AGG,8,ACA
45,TCG,AGG,2,ACA
46,CCG,AGT,3646,ACA
47,CCT,AGT,1442,ACA
48,CCC,AGT,786,ACA
49,CCA,AGT,997,ACA
50,CAG,AGT,12,ACA
51,ACG,AGT,3,ACA
52,ACT,AGT,4,ACA
53,GGT,AGT,2,ACA
54,CAT,AGT,11,ACA
55,CAA,AGT,4,ACA
56,ACC,AGT,2,ACA
57,CCG,ATG,1186,ACA
58,CCC,ATG,702,ACA
59,CCT,ATG,524,ACA
60,CCA,ATG,35,ACA
61,CAT,ATG,7,ACA
62,TCG,ATG,6,ACA
63,TGG,ATG,18,ACA
64,ACT,ATG,2,ACA
65,CAG,ATG,11,ACA
66,GTG,ATG,4,ACA
67,GGT,ATG,5,ACA
68,TTG,ATG,3,ACA
69,ACG,ATG,5,ACA
70,GTT,ATG,3,ACA
71,GCG,ATG,10,ACA
72,GGG,ATG,12,ACA
73,AGG,ATG,8,ACA
74,ATG,ATG,9,ACA
75,CGG,ATG,8,ACA
76,GCT,ATG,2,ACA
77,AAG,ATG,2,ACA
78,TAT,ATG,2,ACA
79,CGT,ATG,2,ACA
80,TAG,ATG,6,ACA
81,GAT,ATG,2,ACA
82,GTA,ATG,2,ACA
83,CCA,ATT,421,ACA
84,CCG,ATT,1538,ACA
85,CCC,ATT,446,ACA
86,CCT,ATT,543,ACA
87,GGT,ATT,3,ACA
88,GTG,ATT,12,ACA
89,ACG,ATT,3,ACA
90,CAG,ATT,7,ACA
91,TGG,ATT,7,ACA
92,GGG,ATT,6,ACA
93,TCG,ATT,4,ACA
94,TCT,ATT,3,ACA
95,CAT,ATT,6,ACA
96,AGG,ATT,2,ACA
97,CGG,ATT,5,ACA
98,AAG,ATT,2,ACA
99,GTT,ATT,2,ACA
100,GCG,ATT,2,ACA
101,CTG,ATT,2,ACA
102,ATG,ATT,2,ACA
103,GCT,ATT,2,ACA
104,CGT,ATT,2,ACA
105,TAG,ATT,3,ACA
106,CAC,ATT,3,ACA
107,TTG,ATT,2,ACA
108,CCC,CAG,577,ACA
109,CCT,CAG,1147,ACA
110,CAT,CAG,9,ACA
111,CCG,CAG,1858,ACA
112,CCA,CAG,203,ACA
113,GGG,CAG,10,ACA
114,GAT,CAG,3,ACA
115,CAC,CAG,5,ACA
116,CGT,CAG,4,ACA
117,CAG,CAG,19,ACA
118,TGG,CAG,15,ACA
119,GCT,CAG,3,ACA
120,CGG,CAG,8,ACA
121,GCG,CAG,12,ACA
122,AAG,CAG,4,ACA
123,GGT,CAG,11,ACA
124,TAT,CAG,2,ACA
125,TTG,CAG,6,ACA
126,ACT,CAG,4,ACA
127,TCG,CAG,6,ACA
128,GTT,CAG,2,ACA
129,TAG,CAG,7,ACA
130,ATG,CAG,7,ACA
131,AGG,CAG,10,ACA
132,CAA,CAG,3,ACA
133,AAT,CAG,2,ACA
134,GAG,CAG,7,ACA
135,ACG,CAG,4,ACA
136,TGT,CAG,6,ACA
137,CTG,CAG,3,ACA
138,CCT,CAT,2738,ACA
139,CCG,CAT,1806,ACA
140,CCC,CAT,104,ACA
141,CCA,CAT,1151,ACA
142,ACT,CAT,16,ACA
143,CAA,CAT,17,ACA
144,TTG,CAT,4,ACA
145,CAT,CAT,30,ACA
146,AAT,CAT,7,ACA
147,GCG,CAT,6,ACA
148,GAG,CAT,4,ACA
149,ACG,CAT,2,ACA
150,CGT,CAT,3,ACA
151,AAG,CAT,2,ACA
152,GTG,CAT,3,ACA
153,GCT,CAT,5,ACA
154,CAG,CAT,8,ACA
155,GGG,CAT,7,ACA
156,AGG,CAT,4,ACA
157,GGT,CAT,5,ACA
158,CGG,CAT,8,ACA
159,CTT,CAT,3,ACA
160,AGT,CAT,3,ACA
161,TAG,CAT,4,ACA
162,ACA,CAT,5,ACA
163,TCT,CAT,2,ACA
164,TAT,CAT,3,ACA
165,ATG,CAT,3,ACA
166,TGT,CAT,2,ACA
167,CTG,CAT,2,ACA
168,TCG,CAT,3,ACA
169,GAT,CAT,2,ACA
170,TGG,CAT,2,ACA
171,CCG,CCG,2147,ACA
172,CCC,CCG,566,ACA
173,CCT,CCG,1652,ACA
174,CCA,CCG,112,ACA
175,CAG,CCG,12,ACA
176,CAT,CCG,8,ACA
177,GGG,CCG,4,ACA
178,CTG,CCG,2,ACA
179,GCG,CCG,3,ACA
180,AAG,CCG,2,ACA
181,TGG,CCG,2,ACA
182,CGG,CCG,2,ACA
183,CCG,CCT,1198,ACA
184,CCT,CCT,1288,ACA
185,CAT,CCT,3,ACA
186,CCC,CCT,39,ACA
187,CCA,CCT,20,ACA
188,CAA,CCT,2,ACA
189,AGG,CCT,2,ACA
190,TCT,CCT,2,ACA
191,CGG,CCT,2,ACA
192,CAG,CCT,3,ACA
193,CCT,CGG,3457,ACA
194,CCG,CGG,5022,ACA
195,CCC,CGG,2560,ACA
196,CCA,CGG,2642,ACA
197,GGG,CGG,6,ACA
198,CAC,CGG,12,ACA
199,CAG,CGG,26,ACA
200,TCG,CGG,3,ACA
201,CAT,CGG,12,ACA
202,CAA,CGG,15,ACA
203,ACG,CGG,5,ACA
204,GGT,CGG,2,ACA
205,AGG,CGG,2,ACA
206,CTT,CGG,2,ACA
207,ACT,CGG,3,ACA
208,TGG,CGG,2,ACA
209,GCG,CGG,2,ACA
210,CCA,CGT,513,ACA
211,CCG,CGT,3744,ACA
212,CCT,CGT,4710,ACA
213,CCC,CGT,872,ACA
214,CAG,CGT,20,ACA
215,CAT,CGT,12,ACA
216,CTT,CGT,2,ACA
217,CAC,CGT,4,ACA
218,CAA,CGT,5,ACA
219,ACG,CGT,3,ACA
220,GCT,CGT,3,ACA
221,CTG,CGT,6,ACA
222,CGG,CGT,3,ACA
223,TTG,CGT,2,ACA
224,TCT,CGT,2,ACA
225,AGG,CGT,2,ACA
226,ACT,CGT,3,ACA
227,CCT,"CT
",67,ACA
228,GGT,CTG,3291,ACA
229,TGG,CTG,5289,ACA
230,GGG,CTG,5433,ACA
231,CCG,CTG,3372,ACA
232,ATG,CTG,1799,ACA
233,CGG,CTG,3883,ACA
234,ACT,CTG,1113,ACA
235,CGT,CTG,1350,ACA
236,CCT,CTG,6110,ACA
237,TAT,CTG,862,ACA
238,TCG,CTG,1448,ACA
239,CTG,CTG,1220,ACA
240,GAG,CTG,2366,ACA
241,GCG,CTG,3432,ACA
242,AGT,CTG,990,ACA
243,TAG,CTG,2408,ACA
244,GTG,CTG,2670,ACA
245,GAT,CTG,1409,ACA
246,TTG,CTG,2221,ACA
247,GTT,CTG,2559,ACA
248,GCT,CTG,1615,ACA
249,CAG,CTG,2027,ACA
250,CTT,CTG,1034,ACA
251,CAT,CTG,1498,ACA
252,CCC,CTG,1119,ACA
253,TCT,CTG,670,ACA
254,TTT,CTG,1002,ACA
255,AAG,CTG,1211,ACA
256,TGT,CTG,992,ACA
257,CCA,CTG,1139,ACA
258,ATT,CTG,88,ACA
259,AGG,CTG,2045,ACA
260,AAT,CTG,460,ACA
261,ACG,CTG,1383,ACA
262,CAA,CTG,19,ACA
263,GGA,CTG,19,ACA
264,CGA,CTG,9,ACA
265,TCA,CTG,5,ACA
266,CAC,CTG,13,ACA
267,TAC,CTG,3,ACA
268,ACA,CTG,8,ACA
269,TTC,CTG,5,ACA
270,GCC,CTG,9,ACA
271,GAA,CTG,13,ACA
272,GGC,CTG,15,ACA
273,GTC,CTG,7,ACA
274,CTC,CTG,3,ACA
275,AAC,CTG,8,ACA
276,AGC,CTG,11,ACA
277,GAC,CTG,8,ACA
278,AAA,CTG,4,ACA
279,ACC,CTG,9,ACA
280,ATC,CTG,7,ACA
281,TTA,CTG,5,ACA
282,TGC,CTG,12,ACA
283,CTA,CTG,9,ACA
284,GCA,CTG,7,ACA
285,TGA,CTG,8,ACA
286,GTA,CTG,6,ACA
287,TCC,CTG,4,ACA
288,TAA,CTG,9,ACA
289,AGA,CTG,7,ACA
290,CGC,CTG,11,ACA
291,ATA,CTG,2,ACA
292,CCT,CTT,10484,ACA
293,CTT,CTT,1472,ACA
294,TTG,CTT,1643,ACA
295,GTG,CTT,2759,ACA
296,GCT,CTT,1109,ACA
297,CAT,CTT,740,ACA
298,CGT,CTT,1334,ACA
299,GGG,CTT,3140,ACA
300,CCG,CTT,2191,ACA
301,TTT,CTT,315,ACA
302,GGT,CTT,2128,ACA
303,GCG,CTT,2368,ACA
304,CCA,CTT,345,ACA
305,CGG,CTT,1315,ACA
306,AGT,CTT,616,ACA
307,TAG,CTT,970,ACA
308,CTG,CTT,1100,ACA
309,CAG,CTT,876,ACA
310,AGG,CTT,1800,ACA
311,ACG,CTT,867,ACA
312,GAT,CTT,730,ACA
313,ATT,CTT,408,ACA
314,GAG,CTT,837,ACA
315,TCT,CTT,798,ACA
316,TCG,CTT,571,ACA
317,ACT,CTT,386,ACA
318,TGG,CTT,1429,ACA
319,TGT,CTT,779,ACA
320,GTT,CTT,809,ACA
321,ATG,CTT,908,ACA
322,AAT,CTT,125,ACA
323,AAG,CTT,158,ACA
324,CTA,CTT,13,ACA
325,TAT,CTT,160,ACA
326,CCC,CTT,8,ACA
327,CAC,CTT,5,ACA
328,CGA,CTT,11,ACA
329,GGA,CTT,8,ACA
330,AGC,CTT,10,ACA
331,CAA,CTT,17,ACA
332,TGC,CTT,6,ACA
333,GAA,CTT,5,ACA
334,ACA,CTT,9,ACA
335,ATA,CTT,4,ACA
336,GTA,CTT,5,ACA
337,GAC,CTT,2,ACA
338,GCA,CTT,6,ACA
339,CGC,CTT,9,ACA
340,TAA,CTT,2,ACA
341,AGA,CTT,12,ACA
342,GGC,CTT,6,ACA
343,GTC,CTT,6,ACA
344,AAC,CTT,2,ACA
345,TAC,CTT,3,ACA
346,TCA,CTT,6,ACA
347,TGA,CTT,3,ACA
348,ATC,CTT,3,ACA
349,GCC,CTT,6,ACA
350,TTC,CTT,3,ACA
351,AAA,CTT,3,ACA
352,CCG,GAG,3944,ACA
353,CCA,GAG,1580,ACA
354,CCT,GAG,2623,ACA
355,CCC,GAG,868,ACA
356,CAA,GAG,5,ACA
357,CAT,GAG,6,ACA
358,CAG,GAG,15,ACA
359,TCG,GAG,2,ACA
360,CTG,GAG,3,ACA
361,CGG,GAG,3,ACA
362,ACT,GAG,5,ACA
363,CCT,GAT,3192,ACA
364,CCC,GAT,1152,ACA
365,CCG,GAT,4426,ACA
366,CCA,GAT,1081,ACA
367,CAC,GAT,10,ACA
368,CAG,GAT,18,ACA
369,CAT,GAT,3,ACA
370,ACT,GAT,3,ACA
371,ACG,GAT,2,ACA
372,CAA,GAT,9,ACA
373,ACC,GAT,2,ACA
374,CCA,GCG,812,ACA
375,CCC,GCG,657,ACA
376,CCG,GCG,5519,ACA
377,CCT,GCG,3033,ACA
378,CAG,GCG,18,ACA
379,ACA,GCG,2,ACA
380,CAC,GCG,5,ACA
381,CAT,GCG,11,ACA
382,ACG,GCG,2,ACA
383,CAA,GCG,3,ACA
384,CTG,GCG,2,ACA
385,CGG,GCG,2,ACA
386,CCG,GCT,2171,ACA
387,CCT,GCT,689,ACA
388,CCA,GCT,1160,ACA
389,CCC,GCT,420,ACA
390,ACA,GCT,124,ACA
391,CAG,GCT,10,ACA
392,CAA,GCT,4,ACA
393,CAC,GCT,3,ACA
394,CCG,GGG,13993,ACA
395,CCA,GGG,3751,ACA
396,CCT,GGG,8118,ACA
397,TCG,GGG,5,ACA
398,CCC,GGG,6727,ACA
399,GCG,GGG,3,ACA
400,CAA,GGG,19,ACA
401,CAG,GGG,33,ACA
402,CAC,GGG,41,ACA
403,CAT,GGG,22,ACA
404,ACG,GGG,10,ACA
405,TCC,GGG,2,ACA
406,ACT,GGG,2,ACA
407,ACC,GGG,3,ACA
408,CTG,GGG,2,ACA
409,CTC,GGG,2,ACA
410,CCG,GGT,7717,ACA
411,CCA,GGT,2640,ACA
412,CCT,GGT,5303,ACA
413,CCC,GGT,3210,ACA
414,CAC,GGT,5,ACA
415,CAG,GGT,28,ACA
416,CAT,GGT,15,ACA
417,CAA,GGT,16,ACA
418,TCC,GGT,3,ACA
419,CGG,GGT,4,ACA
420,ACG,GGT,6,ACA
421,ACC,GGT,4,ACA
422,ACT,GGT,3,ACA
423,TCG,GGT,3,ACA
424,CTG,GGT,2,ACA
425,ACA,GGT,4,ACA
426,CCC,GTG,1605,ACA
427,CCG,GTG,1818,ACA
428,CCA,GTG,1931,ACA
429,CCT,GTG,1692,ACA
430,CAC,GTG,8,ACA
431,CAA,GTG,11,ACA
432,CAG,GTG,8,ACA
433,ACT,GTG,2,ACA
434,CAT,GTG,5,ACA
435,TCG,GTG,4,ACA
436,TGG,GTG,3,ACA
437,GCG,GTG,3,ACA
438,CCG,GTT,4062,ACA
439,CCA,GTT,1184,ACA
440,CCC,GTT,1883,ACA
441,CCT,GTT,1640,ACA
442,ACA,GTT,2,ACA
443,ACG,GTT,5,ACA
444,CAG,GTT,10,ACA
445,CAT,GTT,3,ACA
446,CAA,GTT,2,ACA
447,CAC,GTT,4,ACA
448,ACT,GTT,3,ACA
449,ACC,GTT,2,ACA
450,GTG,GTT,2,ACA
451,GGG,GTT,2,ACA
452,CCG,TAG,3029,ACA
453,CCC,TAG,1014,ACA
454,CCT,TAG,1807,ACA
455,CCA,TAG,615,ACA
456,CAG,TAG,11,ACA
457,CAA,TAG,5,ACA
458,TCG,TAG,2,ACA
459,CAT,TAG,6,ACA
460,CAC,TAG,6,ACA
461,ACC,TAG,4,ACA
462,ACT,TAG,2,ACA
463,CCG,TAT,2052,ACA
464,CCA,TAT,521,ACA
465,CCT,TAT,1424,ACA
466,CCC,TAT,560,ACA
467,CAG,TAT,8,ACA
468,ACA,TAT,2,ACA
469,CAC,TAT,2,ACA
470,CAT,TAT,4,ACA
471,CCC,TCG,1217,ACA
472,CCA,TCG,1514,ACA
473,CCG,TCG,3077,ACA
474,CCT,TCG,2408,ACA
475,CAA,TCG,14,ACA
476,CAT,TCG,13,ACA
477,CAG,TCG,6,ACA
478,ACG,TCG,2,ACA
479,ACT,TCG,3,ACA
480,CAC,TCG,5,ACA
481,CCT,TCT,1912,ACA
482,CCG,TCT,2104,ACA
483,CCA,TCT,354,ACA
484,CCC,TCT,427,ACA
485,CAT,TCT,5,ACA
486,ATT,TCT,7,ACA
487,CAA,TCT,3,ACA
488,CAG,TCT,5,ACA
489,CAC,TCT,2,ACA
490,CCA,TGG,3294,ACA
491,CCT,TGG,5049,ACA
492,CCG,TGG,6939,ACA
493,CCC,TGG,2914,ACA
494,CAG,TGG,25,ACA
495,CAC,TGG,17,ACA
496,CAT,TGG,11,ACA
497,CAA,TGG,18,ACA
498,ACA,TGG,3,ACA
499,CGA,TGG,2,ACA
500,ACG,TGG,3,ACA
501,CCC,TGT,1280,ACA
502,CCT,TGT,1300,ACA
503,CCG,TGT,2198,ACA
504,CCA,TGT,849,ACA
505,ACA,TGT,2,ACA
506,CAC,TGT,4,ACA
507,ACT,TGT,2,ACA
508,CAT,TGT,2,ACA
509,CAG,TGT,6,ACA
510,CCG,TTG,3298,ACA
511,CCA,TTG,1219,ACA
512,CCT,TTG,2836,ACA
513,CAG,TTG,14,ACA
514,CCC,TTG,470,ACA
515,CAA,TTG,5,ACA
516,CAT,TTG,13,ACA
517,TCT,TTG,2,ACA
518,TTG,TTG,2,ACA
519,ACT,TTG,3,ACA
520,ACG,TTG,2,ACA
521,CGG,TTG,2,ACA
522,CGT,TTG,2,ACA
523,TAG,TTG,2,ACA
524,CCG,TTT,2220,ACA
525,CCT,TTT,1079,ACA
526,CCA,TTT,549,ACA
527,CCC,TTT,173,ACA
528,CAT,TTT,5,ACA
529,CTG,TTT,2,ACA
530,CAG,TTT,6,ACA
531,ACG,TTT,2,ACA
532,CAA,TTT,2,ACA
533,CCT,CTA,4195758,ACA
