site_1,site_2,site_3,glu1,gal1,gc1,grl1,glu2,gal2,gc2,grl2
AAA,AAG,GAC,,,,,3.0,,,3.0
AAA,AAG,GAT,2.0,,,,7.0,,2.0,
AAA,AAT,AAA,,,,,2.0,,,
AAA,AAT,AAT,,,,,2.0,,,2.0
AAA,AAT,ATA,,,,,2.0,,,
AAA,AAT,ATT,,,,,4.0,,,
AAA,AAT,GAA,,,,,2.0,,,2.0
AAA,AAT,GAC,,,,,3.0,,,
AAA,AAT,GAT,,2.0,,,30.0,2.0,4.0,10.0
AAA,AAT,GTA,,,,,5.0,,,
AAA,AAT,GTT,,,,,6.0,2.0,2.0,
AAA,AAT,TAT,,,,,,,,2.0
AAA,AAT,TTT,,,,,2.0,,,
AAA,ACG,GAT,,,,,,,,3.0
AAA,ACT,GAT,,,,,3.0,,,2.0
AAA,AGG,GAA,,,,,,,,2.0
AAA,AGG,GAT,,,,,7.0,,2.0,
AAA,AGT,GAC,,,,,6.0,,,2.0
AAA,AGT,GAT,3.0,,,,19.0,2.0,,7.0
AAA,ATG,GAT,2.0,,,,12.0,,,2.0
AAA,ATT,AAA,,,,,4.0,,,
AAA,ATT,AAT,,,3.0,2.0,3.0,,4.0,6.0
AAA,ATT,AGG,,,,,3.0,,,2.0
AAA,ATT,AGT,,,,,3.0,,,
AAA,ATT,ATT,2.0,,,,12.0,2.0,3.0,
AAA,ATT,CCG,2.0,,,,2.0,,,
AAA,ATT,CGG,,,,,2.0,,,
AAA,ATT,CTG,,,,,2.0,,,
AAA,ATT,CTT,,,,,2.0,,,
AAA,ATT,GAA,,,,,17.0,2.0,2.0,2.0
AAA,ATT,GAC,,,,,6.0,,,
AAA,ATT,GAG,,,,,2.0,,,
AAA,ATT,GAT,18.0,7.0,14.0,6.0,194.0,36.0,22.0,64.0
AAA,ATT,GCG,,,,,2.0,,,
AAA,ATT,GGG,2.0,,,,4.0,,,
AAA,ATT,GGT,,,,,3.0,,,
AAA,ATT,GTA,,,,,5.0,,,
AAA,ATT,GTG,,,,,2.0,,,
AAA,ATT,GTT,6.0,,2.0,,33.0,2.0,2.0,8.0
AAA,ATT,TAG,,,,,6.0,,,2.0
AAA,ATT,TAT,2.0,,,,14.0,,,4.0
AAA,ATT,TCA,,,,,2.0,,,
AAA,ATT,TGG,,,,,4.0,,,
AAA,ATT,TGT,,,,,7.0,,,
AAA,ATT,TTG,,,,,2.0,,,
AAA,ATT,TTT,,,,,8.0,,,2.0
AAA,CAG,GAC,,,2.0,,,,,
AAA,CAG,GAT,2.0,,,,6.0,,,2.0
AAA,CAT,GAC,,,,,2.0,,,
AAA,CAT,GAT,2.0,,,,,,,
AAA,CCG,GAT,,,,,,,,2.0
AAA,CCT,GAT,,,,2.0,7.0,,,
AAA,CGT,GAC,,,,,2.0,,,
AAA,CTG,GAT,,,,,5.0,,,
AAA,CTT,ATT,,,,,2.0,,,
AAA,CTT,GAC,,,,,,,,3.0
AAA,CTT,GAT,,,,,3.0,,,
AAA,GAG,GAA,,,,,2.0,,,
AAA,GAG,GAC,,,,,5.0,7.0,3.0,4.0
AAA,GAG,GAT,,2.0,,2.0,19.0,,7.0,5.0
AAA,GAT,GAC,,,,,5.0,3.0,3.0,2.0
AAA,GAT,GAT,2.0,,2.0,,18.0,3.0,8.0,7.0
AAA,GCG,GAC,,,,,3.0,,,
AAA,GCG,GAT,,,,2.0,12.0,,3.0,2.0
AAA,GCT,GAC,,,,,,,2.0,2.0
AAA,GCT,GAT,,,,,5.0,,2.0,2.0
AAA,GGG,GAC,2.0,,3.0,,7.0,,4.0,5.0
AAA,GGG,GAT,4.0,,,,41.0,7.0,6.0,15.0
AAA,GGT,GAC,,,,,54.0,,3.0,2.0
AAA,GGT,GAT,3.0,4.0,2.0,4.0,17.0,2.0,5.0,9.0
AAA,GTG,GAA,,,,,,,,3.0
AAA,GTG,GAT,,,,,12.0,,,5.0
AAA,GTT,GAA,,,,,2.0,,,
AAA,GTT,GAC,,,,,5.0,,,
AAA,GTT,GAT,,,2.0,,12.0,,2.0,4.0
AAA,GTT,TAT,,,,,2.0,,,
AAA,TAG,GAC,,4.0,3.0,,7.0,2.0,,4.0
AAA,TAG,GAT,2.0,3.0,3.0,2.0,12.0,13.0,10.0,6.0
AAA,TAT,ATT,,,,,2.0,,,
AAA,TAT,GAC,,,,,2.0,,,
AAA,TAT,GAT,,2.0,2.0,,21.0,,,
AAA,TAT,GTT,,,,2.0,3.0,,,
AAA,TCG,GAT,,,,,3.0,,2.0,
AAA,TCT,GAT,,,,,9.0,,,2.0
AAA,TGG,GAT,6.0,,,2.0,19.0,3.0,3.0,10.0
AAA,TGT,GAA,,,,,2.0,,,
AAA,TGT,GAC,,,,,2.0,,,
AAA,TGT,GAT,,,,,14.0,,2.0,
AAA,TTG,GAC,,,,,4.0,,,
AAA,TTG,GAT,,,,,8.0,,,3.0
AAA,TTG,GTT,,,,,2.0,,,
AAA,TTT,AAT,,,,,2.0,,,
AAA,TTT,ATT,,,,,2.0,,,
AAA,TTT,GAA,2.0,,,,4.0,,,3.0
AAA,TTT,GAC,,,,,5.0,,,2.0
AAA,TTT,GAT,,,,,27.0,2.0,4.0,4.0
AAA,TTT,GTT,,,,,,,2.0,
AAC,AAG,GAA,2.0,,,,2.0,,,2.0
AAC,AAG,GAC,36.0,16.0,29.0,42.0,935.0,105.0,140.0,162.0
AAC,AAG,GAT,190.0,69.0,132.0,83.0,1556.0,159.0,286.0,484.0
AAC,AAT,AGT,,,,,2.0,,,
AAC,AAT,CAG,,,,,2.0,,,
AAC,AAT,GAA,,,,,12.0,,,
AAC,AAT,GAC,78.0,28.0,38.0,17.0,360.0,47.0,70.0,99.0
AAC,AAT,GAT,220.0,91.0,178.0,157.0,1886.0,155.0,293.0,433.0
AAC,AAT,GGT,,,,,4.0,,,
AAC,AAT,GTT,,,,,2.0,3.0,,2.0
AAC,AAT,TAT,,,,,4.0,,,
AAC,AAT,TTG,,,,,3.0,,,
AAC,AAT,TTT,,,,,4.0,,,
AAC,ACG,GAA,,,,,3.0,,2.0,
AAC,ACG,GAC,90.0,17.0,48.0,60.0,433.0,43.0,132.0,178.0
AAC,ACG,GAT,136.0,64.0,31.0,80.0,922.0,150.0,156.0,359.0
AAC,ACT,GAC,68.0,21.0,71.0,40.0,301.0,51.0,75.0,80.0
AAC,ACT,GAT,116.0,30.0,62.0,42.0,1044.0,109.0,142.0,265.0
AAC,ACT,GTG,,,,,2.0,,,
AAC,AGG,GAA,,,,,5.0,,,
AAC,AGG,GAC,47.0,6.0,41.0,32.0,397.0,61.0,63.0,197.0
AAC,AGG,GAT,230.0,47.0,75.0,49.0,1069.0,127.0,169.0,312.0
AAC,AGT,AAT,,,,3.0,,,,
AAC,AGT,GAA,,,,,2.0,,2.0,
AAC,AGT,GAC,35.0,37.0,42.0,68.0,225.0,126.0,161.0,168.0
AAC,AGT,GAT,258.0,104.0,209.0,111.0,1967.0,264.0,454.0,689.0
AAC,AGT,GCC,,,,,,2.0,,
AAC,AGT,TGG,,,,,3.0,,,
AAC,ATA,GAT,779250.0,185515.0,268665.0,338170.0,6315595.0,450556.0,696128.0,1493517.0
AAC,ATG,GAA,,,,,5.0,,,
AAC,ATG,GAC,44.0,14.0,13.0,19.0,758.0,19.0,94.0,68.0
AAC,ATG,GAT,270.0,74.0,113.0,75.0,2365.0,222.0,300.0,481.0
AAC,ATG,GTT,,,,,4.0,,,
AAC,ATG,TTT,,,,,3.0,,,
AAC,ATT,AAA,,,,,5.0,,,3.0
AAC,ATT,AAG,113.0,17.0,16.0,17.0,62.0,49.0,63.0,155.0
AAC,ATT,AAT,21.0,8.0,39.0,28.0,534.0,44.0,70.0,154.0
AAC,ATT,ACA,,,,,,7.0,,
AAC,ATT,ACG,74.0,15.0,34.0,33.0,285.0,37.0,57.0,75.0
AAC,ATT,ACT,11.0,10.0,12.0,9.0,714.0,32.0,23.0,70.0
AAC,ATT,AGG,21.0,15.0,17.0,51.0,834.0,34.0,103.0,194.0
AAC,ATT,AGT,76.0,41.0,39.0,47.0,705.0,83.0,68.0,91.0
AAC,ATT,ATC,,,,,3.0,,,
AAC,ATT,ATG,50.0,33.0,38.0,32.0,613.0,71.0,62.0,162.0
AAC,ATT,ATT,84.0,26.0,32.0,25.0,533.0,38.0,58.0,203.0
AAC,ATT,CAG,61.0,6.0,15.0,54.0,725.0,63.0,74.0,133.0
AAC,ATT,CAT,63.0,10.0,30.0,35.0,322.0,29.0,31.0,177.0
AAC,ATT,CCG,85.0,32.0,29.0,79.0,670.0,99.0,99.0,151.0
AAC,ATT,CCT,44.0,30.0,49.0,31.0,285.0,65.0,57.0,154.0
AAC,ATT,CGG,56.0,38.0,35.0,26.0,870.0,74.0,147.0,266.0
AAC,ATT,CGT,93.0,14.0,42.0,43.0,1208.0,109.0,192.0,170.0
AAC,ATT,CTA,,,,,2.0,,,
AAC,ATT,CTG,65.0,31.0,19.0,12.0,911.0,131.0,113.0,209.0
AAC,ATT,CTT,121.0,15.0,20.0,28.0,1038.0,70.0,96.0,258.0
AAC,ATT,GAA,17.0,7.0,8.0,7.0,175.0,26.0,25.0,33.0
AAC,ATT,GAC,75.0,,14.0,13.0,291.0,30.0,53.0,149.0
AAC,ATT,GAG,67.0,26.0,31.0,55.0,743.0,83.0,92.0,164.0
AAC,ATT,GAT,1231.0,427.0,532.0,530.0,9345.0,1179.0,1450.0,2354.0
AAC,ATT,GCA,,,,,3.0,,,
AAC,ATT,GCC,,,,,2.0,,,
AAC,ATT,GCG,170.0,23.0,62.0,62.0,1515.0,95.0,176.0,268.0
AAC,ATT,GCT,79.0,32.0,38.0,30.0,157.0,67.0,107.0,107.0
AAC,ATT,GGA,,,,,4.0,,,2.0
AAC,ATT,GGG,135.0,15.0,56.0,58.0,1660.0,111.0,164.0,390.0
AAC,ATT,GGT,109.0,54.0,54.0,22.0,1841.0,130.0,211.0,484.0
AAC,ATT,GTA,,,,,2.0,,,
AAC,ATT,GTG,191.0,46.0,52.0,45.0,1214.0,101.0,261.0,427.0
AAC,ATT,GTT,245.0,44.0,72.0,64.0,1145.0,173.0,141.0,300.0
AAC,ATT,TAA,,,2.0,,7.0,2.0,,2.0
AAC,ATT,TAG,86.0,310.0,398.0,175.0,1560.0,1436.0,1199.0,606.0
AAC,ATT,TAT,230.0,19.0,53.0,50.0,1368.0,76.0,78.0,233.0
AAC,ATT,TCG,107.0,7.0,52.0,50.0,566.0,28.0,209.0,144.0
AAC,ATT,TCT,66.0,10.0,35.0,26.0,343.0,52.0,91.0,154.0
AAC,ATT,TGG,209.0,32.0,40.0,62.0,1219.0,96.0,153.0,240.0
AAC,ATT,TGT,118.0,41.0,63.0,53.0,1886.0,107.0,128.0,328.0
AAC,ATT,TTG,147.0,27.0,47.0,86.0,1734.0,130.0,86.0,201.0
AAC,ATT,TTT,181.0,18.0,46.0,36.0,590.0,71.0,153.0,240.0
AAC,CAG,GAC,151.0,10.0,7.0,27.0,5.0,22.0,105.0,110.0
AAC,CAG,GAT,90.0,9.0,52.0,55.0,896.0,74.0,188.0,329.0
AAC,CAT,GAC,36.0,9.0,11.0,36.0,116.0,7.0,55.0,128.0
AAC,CAT,GAT,172.0,36.0,24.0,49.0,137.0,140.0,119.0,213.0
AAC,CAT,TAT,,,,,,,4.0,
AAC,CCG,GAC,54.0,23.0,67.0,43.0,507.0,33.0,60.0,273.0
AAC,CCG,GAT,153.0,68.0,119.0,89.0,506.0,95.0,189.0,315.0
AAC,CCT,GAA,,,,,2.0,,,
AAC,CCT,GAC,39.0,10.0,35.0,51.0,643.0,79.0,99.0,139.0
AAC,CCT,GAT,170.0,63.0,97.0,113.0,932.0,76.0,187.0,399.0
AAC,CGG,GAC,52.0,12.0,8.0,39.0,393.0,49.0,53.0,75.0
AAC,CGG,GAT,78.0,14.0,41.0,86.0,676.0,59.0,63.0,255.0
AAC,CGT,GAA,,,,,2.0,,,
AAC,CGT,GAC,50.0,31.0,19.0,9.0,439.0,27.0,52.0,59.0
AAC,CGT,GAT,92.0,18.0,28.0,33.0,754.0,41.0,59.0,131.0
AAC,CTG,GAA,,,,,2.0,,,
AAC,CTG,GAC,,,21.0,,251.0,16.0,86.0,52.0
AAC,CTG,GAT,52.0,21.0,19.0,32.0,774.0,59.0,117.0,173.0
AAC,CTT,GAA,,,,,2.0,,,
AAC,CTT,GAC,26.0,13.0,7.0,16.0,186.0,23.0,20.0,37.0
AAC,CTT,GAT,71.0,24.0,39.0,15.0,588.0,86.0,61.0,161.0
AAC,GAG,GAA,,,,,4.0,,6.0,5.0
AAC,GAG,GAC,105.0,371.0,366.0,130.0,1442.0,805.0,1084.0,590.0
AAC,GAG,GAT,344.0,695.0,644.0,238.0,2417.0,1373.0,1942.0,1146.0
AAC,GAG,GTC,,,,,,2.0,,
AAC,GAG,GTT,,,,,,,3.0,
AAC,GAT,GAA,,,,,4.0,2.0,2.0,
AAC,GAT,GAC,91.0,168.0,94.0,92.0,405.0,203.0,458.0,463.0
AAC,GAT,GAT,342.0,316.0,487.0,118.0,826.0,666.0,978.0,1042.0
AAC,GAT,GCC,,2.0,,,,,,
AAC,GAT,GTC,,,,,,2.0,,
AAC,GAT,TAC,,,,,,5.0,,
AAC,GCG,GAA,,,,,2.0,,,
AAC,GCG,GAC,213.0,69.0,101.0,76.0,403.0,89.0,166.0,239.0
AAC,GCG,GAT,300.0,78.0,131.0,143.0,1666.0,122.0,316.0,585.0
AAC,GCT,AAT,22.0,,,,2.0,,,
AAC,GCT,GAA,,,,,2.0,,,
AAC,GCT,GAC,54.0,15.0,50.0,19.0,270.0,135.0,134.0,85.0
AAC,GCT,GAT,81.0,50.0,159.0,109.0,1324.0,179.0,266.0,493.0
AAC,GGG,AAC,,,9.0,,,,,
AAC,GGG,GAA,,,,,7.0,,2.0,4.0
AAC,GGG,GAC,452.0,261.0,427.0,212.0,1459.0,569.0,977.0,1078.0
AAC,GGG,GAT,923.0,473.0,788.0,453.0,6168.0,957.0,1540.0,2405.0
AAC,GGG,GCC,,,,3.0,3.0,,,
AAC,GGG,GTC,,,,,6.0,,,
AAC,GGG,GTT,,2.0,,,11.0,,2.0,2.0
AAC,GGG,TAT,,,,,3.0,,,
AAC,GGT,AAT,,,,,2.0,,,
AAC,GGT,GAA,2.0,,,,,2.0,2.0,
AAC,GGT,GAC,192.0,128.0,251.0,127.0,557.0,166.0,281.0,544.0
AAC,GGT,GAT,438.0,300.0,327.0,264.0,2802.0,465.0,846.0,1315.0
AAC,GGT,GTC,,,,,2.0,,,
AAC,GGT,TAT,,,,,2.0,,,
AAC,GTG,GAA,,,,,4.0,,,
AAC,GTG,GAC,141.0,19.0,26.0,48.0,411.0,60.0,148.0,72.0
AAC,GTG,GAT,193.0,48.0,68.0,74.0,1905.0,104.0,189.0,474.0
AAC,GTT,GAA,,,,,7.0,,,2.0
AAC,GTT,GAC,119.0,35.0,29.0,24.0,266.0,38.0,118.0,221.0
AAC,GTT,GAT,135.0,24.0,31.0,103.0,1877.0,119.0,160.0,423.0
AAC,GTT,GGT,,,,,2.0,,,
AAC,GTT,GTT,,,,,2.0,,,2.0
AAC,TAG,GAA,,4.0,2.0,,9.0,2.0,3.0,4.0
AAC,TAG,GAC,92.0,266.0,283.0,108.0,1368.0,797.0,552.0,329.0
AAC,TAG,GAT,228.0,683.0,796.0,272.0,1443.0,1886.0,2079.0,1116.0
AAC,TAG,GGC,,,,,3.0,,,
AAC,TAG,GTC,,,,,,3.0,,2.0
AAC,TAG,GTT,,,,,2.0,2.0,,
AAC,TAT,GAA,2.0,,,,,2.0,,2.0
AAC,TAT,GAC,,8.0,27.0,30.0,500.0,53.0,46.0,74.0
AAC,TAT,GAT,373.0,69.0,136.0,101.0,1836.0,145.0,210.0,464.0
AAC,TAT,GCC,,,,,2.0,,,
AAC,TCG,GAA,,,,,3.0,,,
AAC,TCG,GAC,167.0,7.0,63.0,35.0,512.0,97.0,205.0,218.0
AAC,TCG,GAT,95.0,58.0,80.0,103.0,824.0,198.0,164.0,417.0
AAC,TCG,TAT,,,,10.0,,,,
AAC,TCT,GAA,2.0,,,,3.0,,,
AAC,TCT,GAC,121.0,43.0,42.0,20.0,516.0,28.0,99.0,174.0
AAC,TCT,GAT,180.0,95.0,87.0,85.0,1120.0,141.0,219.0,561.0
AAC,TCT,TAT,,,,,,4.0,,
AAC,TGG,CAT,,,,,3.0,,,
AAC,TGG,GAA,,,,,6.0,,,3.0
AAC,TGG,GAC,180.0,91.0,84.0,66.0,466.0,137.0,259.0,340.0
AAC,TGG,GAT,332.0,182.0,218.0,172.0,3659.0,311.0,525.0,823.0
AAC,TGG,GTC,,,,,2.0,,2.0,
AAC,TGG,GTT,,,,,10.0,,,
AAC,TGG,TAT,3.0,,,,,,,
AAC,TGT,AAT,,,,,2.0,,,4.0
AAC,TGT,GAA,,,,,,2.0,,
AAC,TGT,GAC,53.0,14.0,39.0,16.0,359.0,49.0,86.0,72.0
AAC,TGT,GAT,283.0,62.0,45.0,135.0,1544.0,101.0,282.0,424.0
AAC,TGT,TAT,,,,,,,,4.0
AAC,TTG,GAA,,,,,3.0,,,
AAC,TTG,GAC,155.0,15.0,11.0,21.0,394.0,56.0,59.0,85.0
AAC,TTG,GAT,95.0,25.0,24.0,63.0,789.0,92.0,88.0,203.0
AAC,TTT,GAA,,,,,4.0,,,3.0
AAC,TTT,GAC,84.0,15.0,37.0,27.0,645.0,30.0,111.0,229.0
AAC,TTT,GAT,309.0,38.0,100.0,92.0,1888.0,121.0,172.0,294.0
AAC,TTT,GTT,,,2.0,,14.0,3.0,,
AAG,AAG,GAC,,,,,3.0,,,
AAG,AAG,GAT,,,,,,,,3.0
AAG,AAT,GAA,,,,,3.0,,,
AAG,AAT,GAT,2.0,,,,8.0,,,4.0
AAG,ACT,GAT,,,,,4.0,,,
AAG,ACT,GTG,,,,2.0,,,,
AAG,AGG,GAT,,,,,3.0,,2.0,
AAG,AGT,GAT,,,,,12.0,,,
AAG,ATG,GAA,,,,,2.0,,,
AAG,ATG,GAC,,,,,2.0,,,
AAG,ATG,GAT,,,,,2.0,,,
AAG,ATT,ATT,,,,,,,,2.0
AAG,ATT,GAA,,,,,9.0,,,
AAG,ATT,GAC,,,,,3.0,,,
AAG,ATT,GAG,,,,,2.0,,,
AAG,ATT,GAT,117.0,27.0,30.0,31.0,997.0,138.0,105.0,309.0
AAG,ATT,GGT,,,,,3.0,,,
AAG,ATT,GTT,4.0,,,,16.0,,,3.0
AAG,ATT,TAT,,,,,3.0,,,
AAG,CAG,GAT,,,,,3.0,2.0,,
AAG,CTG,GAT,,,,,3.0,,,
AAG,CTT,GAT,,,,,3.0,,,
AAG,GAG,GAC,,,,,2.0,,,
AAG,GAG,GAT,,,,,6.0,,,2.0
AAG,GAT,GAT,,,2.0,,3.0,,2.0,
AAG,GCT,GAT,,,,,2.0,,,
AAG,GGG,GAC,,,,2.0,3.0,,,
AAG,GGG,GAT,,,,,6.0,2.0,,3.0
AAG,GGT,GAT,,,,,3.0,,,2.0
AAG,GTG,GAT,,,,,4.0,,,
AAG,GTT,GAA,,,,,2.0,,,
AAG,GTT,GAT,,,,,6.0,,,
AAG,TAG,GAT,,,2.0,,7.0,2.0,2.0,
AAG,TAT,GAT,,,,,7.0,,,
AAG,TCT,GAC,,,,,3.0,,,
AAG,TGG,GAT,,,,,4.0,,,
AAG,TGT,GAC,,,,,2.0,,,
AAG,TGT,GAT,,,,,3.0,,,
AAG,TTG,GAT,,,,,6.0,,2.0,
AAG,TTT,GAA,,,,,2.0,,,2.0
AAG,TTT,GAC,,,,,2.0,,,
AAG,TTT,GAT,3.0,,,,14.0,3.0,,2.0
AAT,AAG,GAA,,,,,9.0,,,
AAT,AAG,GAC,195.0,20.0,49.0,77.0,1382.0,71.0,142.0,323.0
AAT,AAG,GAT,293.0,95.0,129.0,158.0,1545.0,166.0,303.0,431.0
AAT,AAG,GTC,,,,,2.0,,,
AAT,AAT,GAA,,,,,9.0,,,2.0
AAT,AAT,GAC,79.0,14.0,51.0,32.0,1147.0,69.0,88.0,155.0
AAT,AAT,GAT,155.0,52.0,107.0,90.0,1630.0,135.0,175.0,476.0
AAT,AAT,TAT,,,,,2.0,,,
AAT,ACG,GAA,,,,,5.0,,,
AAT,ACG,GAC,71.0,53.0,27.0,32.0,479.0,61.0,167.0,120.0
AAT,ACG,GAT,113.0,46.0,124.0,67.0,798.0,89.0,250.0,362.0
AAT,ACG,TAT,,5.0,,,,,,
AAT,ACT,GAA,,,,,2.0,,,
AAT,ACT,GAC,89.0,24.0,39.0,36.0,445.0,63.0,99.0,157.0
AAT,ACT,GAT,100.0,53.0,86.0,96.0,1660.0,121.0,251.0,239.0
AAT,AGG,AAT,,,,,,5.0,,
AAT,AGG,GAA,,,,,4.0,,2.0,
AAT,AGG,GAC,78.0,28.0,47.0,19.0,471.0,60.0,82.0,135.0
AAT,AGG,GAT,198.0,51.0,69.0,65.0,1544.0,200.0,125.0,402.0
AAT,AGG,GCC,,,,,3.0,,,
AAT,AGG,GTC,,,,,2.0,,,
AAT,AGT,GAA,,,,,13.0,2.0,,
AAT,AGT,GAC,75.0,12.0,57.0,54.0,1569.0,73.0,285.0,312.0
AAT,AGT,GAT,161.0,63.0,223.0,157.0,1902.0,264.0,295.0,607.0
AAT,AGT,GCC,,,,,4.0,,2.0,
AAT,AGT,GTC,,,,,2.0,,,
AAT,ATG,AAT,,,,,2.0,,,
AAT,ATG,GAA,,,,,5.0,,,
AAT,ATG,GAC,74.0,24.0,31.0,18.0,888.0,30.0,29.0,101.0
AAT,ATG,GAT,176.0,39.0,64.0,53.0,1614.0,118.0,174.0,326.0
AAT,ATG,GTC,,,,,2.0,,,
AAT,ATG,GTT,,,,,3.0,,,
AAT,ATT,GAA,,,,,7.0,2.0,,
AAT,ATT,GAC,66.0,15.0,23.0,39.0,814.0,46.0,27.0,69.0
AAT,ATT,GAG,,,,,3.0,,,
AAT,ATT,GAT,222.0,47.0,43.0,101.0,2139.0,180.0,270.0,467.0
AAT,ATT,GGT,,,,,2.0,,,
AAT,ATT,GTC,,,,,4.0,,,
AAT,ATT,GTT,,,,,5.0,,,
AAT,ATT,TAC,,,,,3.0,,,
AAT,ATT,TAT,,,,,9.0,,,
AAT,CAG,GAA,,,,,5.0,,,2.0
AAT,CAG,GAC,28.0,18.0,72.0,23.0,382.0,39.0,111.0,127.0
AAT,CAG,GAT,206.0,62.0,152.0,84.0,2070.0,103.0,129.0,376.0
AAT,CAG,GTT,,,,,3.0,,,
AAT,CAT,GAA,,,,,3.0,,,
AAT,CAT,GAC,72.0,17.0,12.0,24.0,717.0,75.0,52.0,247.0
AAT,CAT,GAT,182.0,48.0,40.0,87.0,1196.0,78.0,117.0,216.0
AAT,CCG,GAA,,,,,2.0,,,
AAT,CCG,GAC,146.0,67.0,60.0,66.0,496.0,112.0,200.0,163.0
AAT,CCG,GAT,224.0,136.0,158.0,79.0,1028.0,262.0,267.0,510.0
AAT,CCT,GAA,2.0,,,,3.0,,,2.0
AAT,CCT,GAC,35.0,31.0,51.0,58.0,651.0,67.0,205.0,263.0
AAT,CCT,GAT,240.0,55.0,137.0,64.0,1481.0,177.0,288.0,429.0
AAT,CCT,GTC,,,,,2.0,,,
AAT,CGG,GAA,,,,,6.0,,,
AAT,CGG,GAC,94.0,22.0,32.0,39.0,793.0,36.0,103.0,141.0
AAT,CGG,GAT,140.0,67.0,43.0,63.0,1062.0,124.0,183.0,377.0
AAT,CGG,GGT,,,,,2.0,,,
AAT,CGG,GTC,,,,,2.0,,,
AAT,CGT,GAC,6.0,9.0,39.0,24.0,531.0,13.0,74.0,73.0
AAT,CGT,GAT,175.0,24.0,68.0,53.0,1454.0,109.0,174.0,248.0
AAT,CGT,TAT,,,,,,4.0,,
AAT,CTG,GAC,53.0,15.0,14.0,7.0,418.0,12.0,60.0,44.0
AAT,CTG,GAT,123.0,61.0,55.0,45.0,1155.0,39.0,89.0,179.0
AAT,CTT,GAC,16.0,4.0,47.0,27.0,383.0,17.0,61.0,132.0
AAT,CTT,GAT,124.0,15.0,35.0,49.0,629.0,78.0,88.0,361.0
AAT,GAG,AAT,,,,,,5.0,,
AAT,GAG,GAA,,,,,5.0,4.0,5.0,6.0
AAT,GAG,GAC,325.0,545.0,498.0,89.0,1750.0,885.0,1005.0,849.0
AAT,GAG,GAG,,,,,,,2.0,
AAT,GAG,GAT,515.0,889.0,903.0,220.0,3113.0,1748.0,2381.0,1218.0
AAT,GAG,GCC,,,2.0,,,,,
AAT,GAG,GTC,,2.0,,,2.0,3.0,2.0,
AAT,GAG,GTT,,2.0,,,5.0,,,3.0
AAT,GAG,TAT,,2.0,,,,,,
AAT,GAT,AAC,,,,,,,14.0,
AAT,GAT,GAA,,2.0,2.0,,10.0,3.0,4.0,2.0
AAT,GAT,GAC,174.0,193.0,137.0,109.0,2129.0,305.0,636.0,606.0
AAT,GAT,GAG,,,,,2.0,,,
AAT,GAT,GAT,299.0,373.0,327.0,218.0,2876.0,575.0,1387.0,890.0
AAT,GAT,GCC,,,,,3.0,,,
AAT,GAT,GGT,,,,,2.0,,,
AAT,GAT,GTT,,,,,4.0,,,
AAT,GAT,TAT,,,,,,5.0,3.0,
AAT,GCG,GAA,,,,,2.0,,,
AAT,GCG,GAC,149.0,59.0,106.0,121.0,230.0,124.0,198.0,426.0
AAT,GCG,GAT,269.0,182.0,167.0,177.0,2920.0,302.0,497.0,866.0
AAT,GCG,GTT,,,,,2.0,,,
AAT,GCT,AAT,,,,,,9.0,,
AAT,GCT,GAA,,,,,3.0,,,
AAT,GCT,GAC,21.0,37.0,93.0,89.0,413.0,95.0,116.0,287.0
AAT,GCT,GAT,366.0,118.0,128.0,146.0,2387.0,373.0,478.0,792.0
AAT,GCT,GTT,,,,,2.0,,,
AAT,GCT,TAT,,,,,,2.0,,
AAT,GGG,AAC,,,,,,,6.0,
AAT,GGG,GAA,3.0,,2.0,4.0,9.0,,3.0,5.0
AAT,GGG,GAC,745.0,360.0,467.0,467.0,2907.0,518.0,1060.0,1514.0
AAT,GGG,GAT,1010.0,531.0,937.0,612.0,8095.0,1040.0,2117.0,3018.0
AAT,GGG,GCC,,,,,5.0,,2.0,2.0
AAT,GGG,GGT,,,,,2.0,,,
AAT,GGG,GTC,2.0,2.0,,,5.0,,2.0,6.0
AAT,GGG,GTT,3.0,2.0,3.0,,18.0,2.0,2.0,7.0
AAT,GGT,GAA,,,3.0,,5.0,4.0,3.0,6.0
AAT,GGT,GAC,224.0,139.0,191.0,124.0,2302.0,250.0,494.0,529.0
AAT,GGT,GAT,584.0,297.0,496.0,371.0,3981.0,550.0,1036.0,1655.0
AAT,GGT,GCC,,2.0,,,4.0,2.0,,
AAT,GGT,GGC,,,,,2.0,,,
AAT,GGT,GTT,,,,,2.0,,,3.0
AAT,GGT,TAC,,,,,,,,6.0
AAT,GGT,TAT,,,2.0,2.0,3.0,,,2.0
AAT,GTG,GAA,,,,,2.0,2.0,2.0,3.0
AAT,GTG,GAC,209.0,20.0,62.0,55.0,279.0,60.0,164.0,329.0
AAT,GTG,GAT,344.0,105.0,71.0,176.0,1756.0,189.0,276.0,830.0
AAT,GTG,TAT,,,,,2.0,,,
AAT,GTT,GAA,,,,,5.0,,2.0,4.0
AAT,GTT,GAC,118.0,48.0,10.0,69.0,366.0,63.0,148.0,342.0
AAT,GTT,GAT,228.0,65.0,112.0,99.0,1625.0,202.0,193.0,585.0
AAT,GTT,TAT,,,4.0,,,,,
AAT,TAG,GAA,,4.0,,,10.0,6.0,3.0,
AAT,TAG,GAC,155.0,342.0,345.0,179.0,1291.0,815.0,986.0,554.0
AAT,TAG,GAG,,,,,,2.0,,
AAT,TAG,GAT,314.0,793.0,975.0,308.0,4753.0,2690.0,1891.0,958.0
AAT,TAG,GGT,,,,,2.0,,,
AAT,TAG,GTC,2.0,,2.0,,7.0,,7.0,
AAT,TAG,GTT,,,2.0,,11.0,2.0,,3.0
AAT,TAG,TAT,,,,,,5.0,16.0,
AAT,TAT,GAA,,,,,7.0,2.0,,2.0
AAT,TAT,GAC,152.0,16.0,15.0,45.0,306.0,32.0,74.0,293.0
AAT,TAT,GAT,175.0,53.0,45.0,76.0,2781.0,113.0,232.0,268.0
AAT,TAT,GTC,,2.0,,,,,,
AAT,TAT,GTT,,,,,3.0,,2.0,
AAT,TAT,TAT,,,,,2.0,,,
AAT,TCG,GAC,81.0,37.0,66.0,61.0,246.0,100.0,203.0,315.0
AAT,TCG,GAT,322.0,90.0,168.0,156.0,2274.0,185.0,326.0,524.0
AAT,TCG,GTT,,,,,5.0,,,
AAT,TCG,TAC,,,,,,,,4.0
AAT,TCT,AAT,,,,,2.0,,,
AAT,TCT,GAA,,,,,3.0,,,
AAT,TCT,GAC,85.0,47.0,96.0,40.0,529.0,63.0,84.0,287.0
AAT,TCT,GAT,268.0,102.0,155.0,134.0,1579.0,153.0,389.0,448.0
AAT,TCT,TAT,,,,,2.0,,,
AAT,TGG,GAA,,,,,3.0,,,4.0
AAT,TGG,GAC,225.0,60.0,109.0,155.0,1003.0,131.0,316.0,401.0
AAT,TGG,GAT,418.0,128.0,338.0,245.0,3025.0,396.0,639.0,1091.0
AAT,TGG,GTC,,,,,2.0,,,2.0
AAT,TGG,GTT,,,2.0,2.0,15.0,,3.0,2.0
AAT,TGG,TAT,,,,,3.0,,,
AAT,TGT,GAA,,,,,4.0,,2.0,4.0
AAT,TGT,GAC,61.0,32.0,71.0,68.0,668.0,50.0,109.0,215.0
AAT,TGT,GAT,212.0,69.0,87.0,124.0,2115.0,205.0,256.0,551.0
AAT,TTG,GAA,,,,,7.0,,,
AAT,TTG,GAC,34.0,3.0,34.0,7.0,1238.0,79.0,59.0,111.0
AAT,TTG,GAT,98.0,60.0,66.0,62.0,1276.0,107.0,149.0,268.0
AAT,TTG,GTC,,,,,4.0,,,
AAT,TTG,GTT,,,,,4.0,,,
AAT,TTT,GAA,,,,,11.0,,,
AAT,TTT,GAC,98.0,16.0,32.0,70.0,906.0,51.0,92.0,185.0
AAT,TTT,GAT,183.0,39.0,77.0,57.0,1578.0,164.0,192.0,433.0
AAT,TTT,GGT,,,,,2.0,,,
AAT,TTT,GTT,,,,,2.0,,2.0,
AAT,TTT,TAT,,,,,5.0,,,
ACA,AAT,GAT,,,,,2.0,,,
ACA,ATT,GAT,,,,,3.0,2.0,,
ACA,TTT,GAT,,,,,2.0,,,
ACA,TTT,GTT,,,,,2.0,,,
ACC,ATT,GAT,,,,,7.0,,,
ACC,CCT,GAC,,,,,2.0,,,
ACG,ATT,GAT,103.0,33.0,73.0,57.0,414.0,73.0,54.0,204.0
ACT,ATT,GAT,51.0,37.0,12.0,44.0,139.0,35.0,85.0,100.0
ACT,TTT,GAT,,,,,,,,2.0
AGA,ATT,GAT,,,,,4.0,,,
AGC,ATT,AAT,,,,,3.0,,,
AGC,ATT,GAT,,,,,12.0,,,
AGC,CCT,GAT,,,,,2.0,,,
AGC,TGG,GAT,,,,,2.0,,,
AGG,ATT,AAT,,,,5.0,,,,
AGG,ATT,GAT,131.0,42.0,82.0,72.0,2246.0,159.0,209.0,347.0
AGG,ATT,GTT,,,,,2.0,,,
AGG,ATT,TAT,,,,,,,,2.0
AGT,ATT,GAA,,,,,2.0,,,
AGT,ATT,GAT,61.0,27.0,64.0,63.0,1636.0,145.0,222.0,333.0
AGT,ATT,GTT,,,,,4.0,,,
AGT,ATT,TAT,,,,,5.0,,,
AGT,CGT,GAT,,,,,2.0,,,
AGT,GGG,GAT,,,,,2.0,,,
AGT,GGT,GAT,,,,,2.0,,,
AGT,TAG,GAT,,,,,2.0,,,
AGT,TTT,GAT,,,,,4.0,,,
ATA,ATT,GAA,,,,,2.0,,,
ATA,ATT,GAT,,,,,7.0,,,
ATC,AAT,GAT,,,,,4.0,,,
ATC,ATT,GAA,,,2.0,,3.0,,,
ATC,ATT,GAT,15.0,4.0,6.0,8.0,94.0,8.0,13.0,22.0
ATC,ATT,GCG,,,,,2.0,,,
ATC,ATT,GCT,,,,,2.0,,,
ATC,ATT,GTG,,,,,2.0,,,
ATC,ATT,GTT,,,,,12.0,,2.0,8.0
ATC,ATT,TGT,,,,,2.0,,,
ATC,CCT,GAT,,,,,3.0,,,
ATC,GAG,GAC,,2.0,,,,,,
ATC,GGG,GAT,,,,,4.0,,,
ATC,GTT,GAT,,,,,2.0,,,
ATC,TAG,GAT,,,,,,2.0,,
ATC,TAT,GAT,,,,,,,2.0,
ATC,TTT,GAT,,,,,4.0,,2.0,2.0
ATG,AGT,GAT,,,,,2.0,,,
ATG,ATT,GAA,,,,,2.0,,,
ATG,ATT,GAT,54.0,12.0,58.0,67.0,1966.0,108.0,204.0,260.0
ATG,ATT,GTT,,,,,10.0,,2.0,
ATG,ATT,TAT,,,,,2.0,,,
ATT,AGG,GAT,,,,,3.0,,,
ATT,AGT,GAT,,,,,3.0,,,
ATT,ATG,GAT,,,,,2.0,,,
ATT,ATT,GAA,,,,,2.0,,,
ATT,ATT,GAC,,,,,2.0,,,
ATT,ATT,GAT,47.0,49.0,52.0,51.0,754.0,152.0,185.0,237.0
ATT,GAG,GAT,,,,,2.0,3.0,,
ATT,GCT,GAT,,,,,2.0,,,
ATT,GGG,GAC,,,,,2.0,,,
ATT,GGG,GAT,,,,,,3.0,,
ATT,GGT,GAT,2.0,,,,,,,
ATT,GTG,GAT,,,,,2.0,,,
ATT,GTT,GAC,,,,,,,,2.0
ATT,GTT,GAT,,,,,2.0,2.0,,
ATT,TAG,GTT,,,,,2.0,,,
ATT,TCG,GAT,,,2.0,,,,,
ATT,TGT,GAT,,2.0,,,,,,
ATT,TTT,GAT,,,,,3.0,,,
CAA,ATT,GAT,,,,,2.0,,,
CAC,ATT,GAT,,,,,6.0,,2.0,
CAG,AAT,GAT,,,,,2.0,,,
CAG,ATT,GAT,100.0,41.0,50.0,17.0,823.0,61.0,54.0,113.0
CAG,ATT,GGT,,,,,2.0,,,
CAT,ATT,GAA,,,,,2.0,,,
CAT,ATT,GAT,59.0,27.0,44.0,49.0,909.0,73.0,92.0,112.0
CAT,ATT,TAT,,,,,2.0,,,
CAT,TTT,GAT,,,,,2.0,,,
CCA,ATT,GAT,,,,,11.0,,7.0,
CCC,ATT,GAT,,,,,2.0,,,
CCG,ATT,GAT,97.0,66.0,120.0,80.0,1685.0,562.0,614.0,355.0
CCG,ATT,GTT,,,,,2.0,,,
CCT,AAT,GAT,,,,,2.0,,,
CCT,ACT,GAT,,,,,2.0,,,
CCT,ATT,GAT,218.0,108.0,154.0,26.0,2235.0,569.0,531.0,200.0
CCT,ATT,GTT,,,,,3.0,,,
CCT,ATT,TAT,,,,,,2.0,,
CCT,TTT,GAT,,,,,,3.0,,
CGA,ATT,GAT,,,,,2.0,,,
CGG,ATT,GAA,,,,,3.0,,,
CGG,ATT,GAT,188.0,51.0,52.0,88.0,1517.0,145.0,137.0,451.0
CGG,ATT,GTT,,,,,2.0,,,
CGG,TTT,GAT,,,,,2.0,,,
CGT,AAT,GAT,,,,,3.0,,,
CGT,ATT,GAT,229.0,47.0,30.0,83.0,2003.0,154.0,154.0,358.0
CGT,ATT,GTT,,,,,3.0,,,
CGT,TTT,GAT,,,,,3.0,,,
CTG,ATT,GAT,129.0,22.0,51.0,41.0,883.0,82.0,176.0,279.0
CTG,ATT,GTT,,,,,2.0,,,
CTT,ATT,GAT,84.0,22.0,59.0,39.0,228.0,96.0,136.0,141.0
GAA,ATT,GAT,,,,,2.0,,,
GAC,AGG,GAT,,,,,2.0,,,
GAC,ATT,GAT,,,,,8.0,,,
GAC,ATT,GTG,2.0,,,,,,,
GAC,ATT,TTG,,,,,2.0,,,
GAC,GGG,GAT,,,,,2.0,,,
GAG,ATT,GAA,,,,,2.0,,,
GAG,ATT,GAC,,,,,2.0,,,
GAG,ATT,GAT,181.0,26.0,89.0,48.0,2309.0,165.0,203.0,343.0
GAT,ATG,GAT,,,,,3.0,,,
GAT,ATT,GAT,81.0,39.0,64.0,101.0,1626.0,137.0,244.0,440.0
GAT,ATT,TAT,,,,,5.0,,,2.0
GAT,GTT,GAT,,,,,2.0,,,
GCA,ATT,GAT,,,,,2.0,,,
GCG,ACT,GAT,,,,,,,5.0,
GCG,ATT,GAA,,,,,2.0,,,
GCG,ATT,GAT,170.0,20.0,78.0,52.0,850.0,187.0,273.0,351.0
GCG,ATT,GGT,,,,,2.0,,,
GCG,TTT,GAT,,,,,2.0,,,
GCT,ACT,GAT,,,,,,,,9.0
GCT,ATT,GAA,,,,,2.0,,,
GCT,ATT,GAT,146.0,28.0,39.0,29.0,780.0,103.0,124.0,245.0
GGA,ATT,GAT,,,,,4.0,,,2.0
GGG,ATT,GAA,,,,,2.0,,,
GGG,ATT,GAC,,,,,2.0,,,
GGG,ATT,GAT,233.0,63.0,97.0,109.0,2086.0,259.0,321.0,482.0
GGG,ATT,GTT,,,,,2.0,,,
GGG,TTT,GAT,,,,,4.0,,,
GGT,ATG,GAT,,,,,3.0,,,
GGT,ATT,AAT,,,,,2.0,,,
GGT,ATT,GAA,,,,,5.0,,,
GGT,ATT,GAC,,,,,2.0,,,
GGT,ATT,GAT,256.0,51.0,71.0,89.0,3192.0,133.0,372.0,696.0
GGT,ATT,GGT,,,,,2.0,,,
GGT,ATT,GTT,,,,,2.0,,,
GGT,ATT,TAT,,,,,,,,3.0
GGT,TTT,GAT,,,,,5.0,,,
GTA,ATT,GAT,,,,,5.0,,,2.0
GTC,ATT,GAT,,,,,2.0,,,
GTG,ATG,GAT,,,,,2.0,,,
GTG,ATT,AAT,,,,,2.0,,,
GTG,ATT,GAT,216.0,56.0,50.0,47.0,2431.0,228.0,286.0,382.0
GTG,ATT,GTT,2.0,,,,,,2.0,
GTT,AAT,GAT,,,,,4.0,,,
GTT,ATT,GAA,,,,,6.0,,,
GTT,ATT,GAC,,,,,3.0,,,
GTT,ATT,GAT,260.0,37.0,73.0,105.0,3512.0,211.0,329.0,517.0
GTT,ATT,GTT,,,,,6.0,,,
GTT,ATT,TAT,,,,,10.0,,,
GTT,TTT,GAT,2.0,,,3.0,12.0,2.0,,2.0
TAA,AAT,AGA,,,,,3.0,2.0,,
TAA,AAT,ATA,,,,,2.0,,,
TAA,AAT,GAA,,,,,2.0,,,
TAA,AAT,GGA,2.0,,,,8.0,,,2.0
TAA,AAT,GTA,2.0,,,,11.0,,,
TAA,AAT,TAA,,,,,3.0,,,
TAA,AAT,TCA,,,,,2.0,,,
TAA,AAT,TGA,,,,,5.0,,,
TAA,ATT,AAA,,,,,4.0,,,
TAA,ATT,GAA,,,,,2.0,,,
TAA,ATT,GAT,,,,,17.0,,16.0,7.0
TAA,ATT,GTT,,,,,6.0,,3.0,
TAC,AAT,AAT,,,,,3.0,,,
TAC,AAT,GAA,,,,,6.0,,,
TAC,AAT,GAT,,,,,13.0,,,3.0
TAC,AAT,GTT,,,,,,,,2.0
TAC,AGG,GAT,,,,,2.0,,,
TAC,AGT,GAT,,,,,2.0,,,
TAC,ATT,AAA,,,,,4.0,4.0,,3.0
TAC,ATT,AAT,,,,,7.0,2.0,,2.0
TAC,ATT,ACT,,,,,3.0,,,
TAC,ATT,AGT,,,,,,,2.0,
TAC,ATT,ATA,,,,,2.0,,,
TAC,ATT,ATG,,,,,2.0,,,
TAC,ATT,GAA,,6.0,,,37.0,5.0,2.0,10.0
TAC,ATT,GAG,,,,,5.0,,,
TAC,ATT,GAT,54.0,17.0,18.0,27.0,355.0,39.0,61.0,96.0
TAC,ATT,GCA,,,,,2.0,,,
TAC,ATT,GCT,,,,,4.0,,2.0,3.0
TAC,ATT,GGT,,,,,3.0,,,
TAC,ATT,GTA,,,,,3.0,,,
TAC,ATT,GTT,2.0,,,2.0,27.0,3.0,,8.0
TAC,ATT,TAA,,,,,5.0,,,2.0
TAC,ATT,TAG,,,,,7.0,2.0,2.0,
TAC,ATT,TAT,,,,,11.0,,2.0,4.0
TAC,ATT,TTT,,,,,3.0,,,3.0
TAC,CAG,GAT,,,,,2.0,,,
TAC,CCT,GAC,,,,,4.0,,,
TAC,CGG,GAT,,,,,2.0,,,
TAC,CTG,GAT,,,,,3.0,,,
TAC,CTT,AAA,,,,,3.0,,,
TAC,CTT,GAT,,,,,4.0,,,
TAC,GAG,GAC,,,,,2.0,,,
TAC,GAG,GAT,,,,,2.0,,2.0,2.0
TAC,GAT,GAT,,,,,,,,2.0
TAC,GCT,GAT,,,,,3.0,,,
TAC,GGG,GAC,,,,,,,2.0,3.0
TAC,GGG,GAT,2.0,,,,9.0,2.0,,
TAC,GGT,GAC,,,,,2.0,,2.0,3.0
TAC,GGT,GAT,,,,,6.0,,,2.0
TAC,GTT,GAT,,,,,3.0,,,
TAC,TAG,GAT,,2.0,,,3.0,,,
TAC,TAT,GAT,,,,,4.0,,2.0,
TAC,TCG,GAC,,,,,3.0,,,
TAC,TCT,GAC,,,,,2.0,,,
TAC,TCT,GAT,,,,,2.0,,,2.0
TAC,TGG,GAT,,,,,2.0,,,2.0
TAC,TGT,GAT,,,,,5.0,,,
TAC,TTT,GAA,,,,,2.0,,,
TAC,TTT,GAC,,,,,2.0,,,
TAC,TTT,GAT,2.0,,,,5.0,2.0,2.0,2.0
TAG,AAT,GAT,,,,,3.0,,,
TAG,ACT,GAT,,,,,,,,2.0
TAG,ATG,GAT,,,,,3.0,,,
TAG,ATT,AAT,,,6.0,,,,,
TAG,ATT,GAA,,2.0,4.0,,4.0,,5.0,
TAG,ATT,GAT,367.0,600.0,959.0,299.0,1924.0,2092.0,1823.0,1197.0
TAG,ATT,GTT,,,,,6.0,,2.0,3.0
TAG,ATT,TAT,3.0,,,,,,,6.0
TAT,AAT,GAC,,,,,2.0,,,
TAT,AAT,GAT,,,,,3.0,2.0,,
TAT,ACG,GAT,,,,,2.0,,,
TAT,ACT,GAT,,,,,3.0,,2.0,
TAT,AGG,GAT,,,,,3.0,,,
TAT,AGT,GAT,,,,,5.0,,,
TAT,ATG,GAT,,,,,6.0,,,
TAT,ATT,AAT,,,,,2.0,,,
TAT,ATT,GAT,255.0,36.0,44.0,55.0,2088.0,130.0,148.0,227.0
TAT,ATT,GTT,,,,,,,,2.0
TAT,ATT,TAT,,,,,6.0,,2.0,2.0
TAT,CTT,GAC,,,,,2.0,,,
TAT,CTT,GAT,,,,,,,2.0,
TAT,GAG,GAC,,,,,4.0,,2.0,
TAT,GAG,GAT,,,,,4.0,,,
TAT,GAT,GAC,,,,,2.0,,,
TAT,GAT,GAT,,,,,3.0,,5.0,
TAT,GCG,GAT,,,,,3.0,,,
TAT,GGG,GAC,,,,,4.0,,,2.0
TAT,GGG,GAT,,,,,9.0,,2.0,
TAT,GGT,GAT,,,,,2.0,,,
TAT,GTG,GAC,,,,,2.0,,,
TAT,GTT,GAT,2.0,,,,5.0,,,2.0
TAT,TAG,GAT,,3.0,2.0,,,,2.0,
TAT,TAT,GAT,,,,,8.0,,,
TAT,TCT,GAT,,,,,3.0,,,
TAT,TGG,GAT,2.0,,2.0,,,,,2.0
TAT,TGT,GAC,,,,,3.0,,,
TAT,TGT,GAT,,,,,2.0,,,
TAT,TTT,GAC,,,,,2.0,,,
TAT,TTT,GAT,,,,,9.0,,,2.0
TCA,ATT,GAT,,,,,,,2.0,
TCG,ATT,GAT,159.0,24.0,73.0,32.0,641.0,81.0,176.0,210.0
TCT,ATT,GAT,113.0,21.0,34.0,44.0,630.0,74.0,124.0,266.0
TGA,ATT,GAT,,,,,4.0,,11.0,2.0
TGC,ATT,GAT,,,,,4.0,,,
TGG,ATT,GAT,253.0,74.0,76.0,46.0,2076.0,165.0,273.0,551.0
TGG,ATT,GGT,,,,,2.0,,,
TGG,ATT,TAT,,,,,,,2.0,
TGG,TAT,GTA,,,,,2.0,,,
TGG,TTT,GAT,,,,,3.0,,,
TGT,ATT,AAT,,,,,2.0,,,
TGT,ATT,GAA,,,,,3.0,,,
TGT,ATT,GAT,204.0,39.0,98.0,75.0,2682.0,170.0,290.0,429.0
TGT,ATT,GTT,,,,,3.0,,,
TGT,ATT,TAT,2.0,,,,3.0,,,
TGT,TTT,GAT,,,,,10.0,,,
TGT,TTT,GTT,,,,,3.0,,,
TGT,TTT,TAT,,,,,2.0,,,
TTA,ATT,GAT,,,,,5.0,,,
TTC,ATT,GAT,,,,,18.0,3.0,,2.0
TTC,ATT,GTT,,,,,5.0,,,2.0
TTG,ATT,GAT,131.0,36.0,77.0,87.0,1240.0,112.0,220.0,478.0
TTG,ATT,GGT,,,,,2.0,,,
TTG,ATT,GTT,,,,4.0,5.0,2.0,,4.0
TTG,ATT,TAT,,,,,3.0,,,
TTG,TTT,GAT,,,,,2.0,,,
TTT,AAT,GAT,,,,,2.0,,,
TTT,ATT,AAT,,,,,2.0,,,
TTT,ATT,GAA,,,,,2.0,2.0,,
TTT,ATT,GAT,109.0,39.0,52.0,37.0,1896.0,90.0,150.0,350.0
TTT,ATT,GTT,,,,,8.0,,,4.0
TTT,ATT,TAT,,,3.0,,15.0,3.0,,2.0
TTT,TTT,GAA,,,,,2.0,,,
TTT,TTT,GAT,,,,,7.0,,,
TTT,TTT,GTT,,,,,5.0,,,
