,site_1,site_2,site_3,count
0,AAT,AAG,ATG,571
1,CTT,AAG,ATG,70
2,GAT,AAG,ATG,1480
3,AGA,AAG,ATG,963
4,GGG,AAG,ATG,2958
5,TGG,AAG,ATG,2961
6,TTT,AAG,ATG,1101
7,GCT,AAG,ATG,675
8,AGG,AAG,ATG,723
9,GAG,AAG,ATG,1451
10,GGT,AAG,ATG,2890
11,TAT,AAG,ATG,873
12,GCG,AAG,ATG,1046
13,TAG,AAG,ATG,1461
14,TGT,AAG,ATG,259
15,AGT,AAG,ATG,353
16,CAG,AAG,ATG,191
17,CCG,AAG,ATG,113
18,ACT,AAG,ATG,239
19,CTG,AAG,ATG,132
20,CAT,AAG,ATG,193
21,ATG,AAG,ATG,294
22,CGT,AAG,ATG,142
23,CGG,AAG,ATG,118
24,ATT,AAG,ATG,47
25,TCT,AAG,ATG,94
26,AAG,AAG,ATG,131
27,ACG,AAG,ATG,172
28,CCT,AAG,ATG,57
29,TTG,AAG,ATG,66
30,GTG,AAG,ATG,52
31,TGG,AAG,AAG,5
32,TGA,AAG,ATG,4
33,GTT,AAG,ATG,74
34,GGT,AAG,AAG,4
35,GGT,AAG,ATT,2
36,TCG,AAG,ATG,19
37,TAG,AAG,CTG,3
38,TAT,AAG,AAG,4
39,AGA,AAG,AAG,3
40,TGG,AAG,CTG,4
41,GGA,AAG,ATG,3
42,GGG,AAG,AAG,3
43,GGG,AAG,AGG,3
44,AGC,AAG,ATG,2
45,GAG,AAG,AAG,2
46,GCG,AAG,GTG,2
47,GCA,AAG,ATG,3
48,TGG,AAG,ATC,2
49,AAT,AAG,AAG,2
50,AGA,AAG,ACG,2
51,AAA,AAG,ATG,2
52,AGA,AAN,ATN,7
53,AGA,AAN,ATG,11
54,AGA,AAN,NNN,2
55,AGA,AAN,ANN,6
56,AGA,AAT,ATG,1062
57,AGG,AAT,ATG,732
58,GAG,AAT,ATG,3
59,GAT,AAT,ATG,4
60,TGG,AAT,ATG,5
61,GGT,AAT,ATG,3
62,TGT,AAT,ATG,3
63,AGA,AAT,AAG,4
64,TAG,AAT,ATG,2
65,AGT,AAT,ATG,2
66,TAT,AAT,ATG,3
67,GGG,AAT,ATG,5
68,TGA,AAT,ATG,4
69,AGA,AAT,AGG,2
70,AAT,AAT,ATG,2
71,TTT,AAT,ATG,2
72,AGA,AAT,TAG,2
73,AGA,AAT,ACT,2
74,AGG,ACG,ATG,495
75,AGA,ACG,ATG,674
76,AGA,ACT,ATG,414
77,AGG,ACT,ATG,414
78,AGA,AGG,ATG,1437
79,AGG,AGG,ATG,1035
80,AGG,AGG,ATT,2
81,AGC,AGG,ATG,4
82,AGG,AGT,ATG,724
83,AGA,AGT,ATG,584
84,AGC,AGT,ATG,2
85,AGA,ANN,NNN,2
86,AGA,ANN,ANN,3
87,AGA,ATG,ATG,521
88,AGG,ATG,ATG,128
89,TAG,ATG,ATG,2
90,TGG,ATG,ATG,2
91,GCT,ATG,ATG,2
92,AGA,ATT,ATG,745
93,AGG,ATT,ATG,231
94,AGG,CAG,ATG,103
95,AGA,CAG,ATG,198
96,AGA,CAT,ATG,156
97,AGG,CAT,ATG,127
98,AGT,CAT,ATG,2
99,AGA,CCG,ATG,278
100,AGG,CCG,ATG,246
101,AGG,CCG,AAG,3
102,AGA,CCT,ATG,216
103,AGG,CCT,ATG,241
104,AGA,CCT,ATT,2
105,AGG,CGG,ATG,1045
106,AGA,CGG,ATG,1051
107,AGA,CGG,AGG,2
108,AGC,CGG,ATG,6
109,AGA,CGG,ATC,2
110,AGG,CGT,ATG,1099
111,AGA,CGT,ATG,772
112,AGC,CGT,ATG,3
113,AGG,CTG,ATG,325
114,AGA,CTG,ATG,348
115,AGA,CTT,ATG,321
116,AGG,CTT,ATG,494
117,AGA,GAG,ATG,3305
118,AGG,GAG,ATG,4975
119,AGC,GAG,ATG,4
120,AGT,GAG,ATG,6
121,AGA,GAG,ATT,2
122,AGG,GAG,AAG,10
123,AGG,GAG,ATC,4
124,AGA,GAG,TTG,4
125,AGG,GAG,CTG,6
126,AGA,GAG,AAG,5
127,GGG,GAG,ATG,3
128,AGA,GAG,GTG,2
129,AGA,GAG,CTG,5
130,AGG,GAG,TTG,2
131,AGG,GAT,ATG,6106
132,AGA,GAT,ATG,2577
133,AGA,GAT,AAG,2
134,AGG,GAT,ATA,2
135,ATG,GAT,ATG,3
136,AAG,GAT,ATG,5
137,AGG,GAT,AAG,8
138,AGA,GAT,ATT,2
139,AGT,GAT,ATG,5
140,AGG,GAT,TTG,2
141,AGG,GAT,ATC,2
142,AGC,GAT,ATG,2
143,AGA,GAT,ATC,2
144,AGG,GCG,ATG,566
145,AGA,GCG,ATG,391
146,AGA,GCT,ATG,342
147,AGG,GCT,ATG,429
148,AGC,GCT,ATG,2
149,AGG,GGG,ATG,6575
150,AGA,GGG,ATG,4829
151,AGG,GGG,ATT,27
152,AGG,GGG,AAG,5
153,TGA,GGG,ATG,3
154,AGG,GGG,AGG,3
155,AGC,GGG,ATG,7
156,AGT,GGG,ATG,8
157,TGG,GGG,ATG,3
158,AGG,GGG,ATC,2
159,AAG,GGG,ATG,4
160,AAA,GGG,ATG,2
161,AGG,GGG,CTG,3
162,AGA,GGG,ATT,2
163,AGG,GGG,TTG,2
164,ATA,GGG,ATG,3
165,AGA,GGG,CTG,2
166,ATG,GGG,ATG,2
167,AGG,GGT,ATG,7067
168,AGA,GGT,ATG,2972
169,AGG,GGT,AAG,4
170,AGT,GGT,ATG,5
171,AGC,GGT,ATG,5
172,TGA,GGT,ATG,2
173,AGG,GGT,ATC,2
174,AGA,GGT,TTG,3
175,AGG,GGT,ATA,2
176,AGA,GGT,ATA,2
177,ATA,GGT,ATG,3
178,ATG,GGT,ATG,5
179,AGG,GGT,TTG,5
180,AGA,GTG,ATG,1057
181,AGG,GTG,ATG,1460
182,AGG,GTG,ATT,2
183,AGC,GTG,ATG,3
184,ATG,GTG,ATG,2
185,AGG,GTG,AAG,3
186,TGG,GTG,ATG,2
187,AGG,GTT,ATG,1668
188,AGA,GTT,ATG,543
189,ATA,GTT,ATG,2
190,TGG,GTT,ATG,2
191,AGC,GTT,ATG,2
192,AGG,TAG,ATG,2427
193,AGA,TAG,ATG,2283
194,TGA,TAG,ATG,2
195,AGT,TAG,ATG,2
196,AGG,TAG,AAG,3
197,AGG,TAG,TTG,3
198,GGA,TAG,ATG,2
199,AGG,TAG,ATC,4
200,AGA,TAG,AAG,2
201,AGA,TAT,ATG,291
202,AGG,TAT,ATG,266
203,AGA,TCG,ATG,232
204,AGG,TCG,ATG,267
205,AGA,TCG,AAG,2
206,AGA,TCT,ATG,370
207,AGG,TCT,ATG,132
208,AGG,TGG,ATG,241
209,AGA,TGG,ATG,172
210,AGG,TGT,ATG,810
211,AGA,TGT,ATG,631
212,AGT,TGT,ATG,2
213,AGG,TGT,AAG,2
214,AGG,TTG,ATG,383
215,AGA,TTG,ATG,311
216,AGG,TTG,AAG,2
217,AGG,TTT,ATG,256
218,AGA,TTT,ATG,349
219,AGA,TTT,AAG,2
220,AGA,AAA,ATG,473352
